region,year,median_wage,n
london,1991,7.433253348,630
east,1991,7.212644423,511
east.midlands,1991,7.126864062,463
north.east,1991,7.193546798,250
north.west,1991,7.222353271,748
south.east,1991,7.268375936,886
south.west,1991,7.072985861,520
west.midlands,1991,7.176249868,572
yorkshire.and.the.humber,1991,7.066239384,572
scotland,1991,7.237076498,556
wales,1991,7.149236306,287
london,1992,7.403464585,601
east,1992,7.236368316,470
east.midlands,1992,7.11392394,473
north.east,1992,7.244490416,246
north.west,1992,7.198410196,687
south.east,1992,7.241176447,830
south.west,1992,7.110958973,515
west.midlands,1992,7.205269655,484
yorkshire.and.the.humber,1992,7.111123942,524
scotland,1992,7.170678235,509
wales,1992,7.229376779,257
london,1993,7.409913584,586
east,1993,7.223065227,479
east.midlands,1993,7.056707549,446
north.east,1993,7.274265628,243
north.west,1993,7.178404456,669
south.east,1993,7.218071045,821
south.west,1993,7.108294916,505
west.midlands,1993,7.139327885,476
yorkshire.and.the.humber,1993,7.127409392,502
scotland,1993,7.196858504,506
wales,1993,7.219226474,243
london,1994,7.420422532,587
east,1994,7.199889527,503
east.midlands,1994,7.119317427,465
north.east,1994,7.173875589,247
north.west,1994,7.212362686,648
south.east,1994,7.197278967,871
south.west,1994,7.058607399,514
west.midlands,1994,7.183233719,477
yorkshire.and.the.humber,1994,7.117236235,509
scotland,1994,7.254993686,499
wales,1994,7.236699459,258
london,1995,7.479841462,559
east,1995,7.197997999,529
east.midlands,1995,7.131440664,462
north.east,1995,7.252656368,239
north.west,1995,7.270579921,631
south.east,1995,7.245181712,899
south.west,1995,7.093393548,502
west.midlands,1995,7.170661426,474
yorkshire.and.the.humber,1995,7.131440664,487
scotland,1995,7.258773552,483
wales,1995,7.252241367,233
london,1996,7.490997803,598
east,1996,7.198632131,531
east.midlands,1996,7.157432268,480
north.east,1996,7.087192547,259
north.west,1996,7.257993797,651
south.east,1996,7.283750609,914
south.west,1996,7.091249323,522
west.midlands,1996,7.18655955,501
yorkshire.and.the.humber,1996,7.152302522,528
scotland,1996,7.2401204,508
wales,1996,7.237852801,259
london,1997,7.446961926,651
east,1997,7.264640349,583
east.midlands,1997,7.17177043,588
north.east,1997,7.253967283,280
north.west,1997,7.242817421,753
south.east,1997,7.264640349,1036
south.west,1997,7.136238464,608
west.midlands,1997,7.159279854,599
yorkshire.and.the.humber,1997,7.15719628,566
scotland,1997,7.179064208,569
wales,1997,7.175039595,289
london,1998,7.472138824,620
east,1998,7.246598471,619
east.midlands,1998,7.151085411,595
north.east,1998,7.245828931,271
north.west,1998,7.245828931,781
south.east,1998,7.286650886,1003
south.west,1998,7.160997017,600
west.midlands,1998,7.184723053,593
yorkshire.and.the.humber,1998,7.145816913,564
scotland,1998,7.247597465,532
wales,1998,7.204733731,298
london,1999,7.516008364,600
east,1999,7.288432283,600
east.midlands,1999,7.222339761,574
north.east,1999,7.324530996,255
north.west,1999,7.239171155,755
south.east,1999,7.331751343,978
south.west,1999,7.219022828,595
west.midlands,1999,7.267672005,567
yorkshire.and.the.humber,1999,7.209018141,553
scotland,1999,7.229220832,1924
wales,1999,7.203133484,1519
london,2000,7.564997818,585
east,2000,7.370940769,588
east.midlands,2000,7.247019531,573
north.east,2000,7.35722269,259
north.west,2000,7.312196682,746
south.east,2000,7.408274787,956
south.west,2000,7.264344253,587
west.midlands,2000,7.260061247,578
yorkshire.and.the.humber,2000,7.286986804,553
scotland,2000,7.285767736,1990
wales,2000,7.255911865,1516
london,2001,7.578778134,562
east,2001,7.394931624,578
east.midlands,2001,7.297563578,546
north.east,2001,7.36758532,261
north.west,2001,7.35563452,737
south.east,2001,7.445199614,1007
south.west,2001,7.28152662,575
west.midlands,2001,7.240704588,555
yorkshire.and.the.humber,2001,7.28152662,566
scotland,2001,7.325566642,1952
northern.ireland,2001,7.264968741,1746
wales,2001,7.266022358,1511
london,2002,7.64265354,496
east,2002,7.424941421,540
east.midlands,2002,7.339471018,482
north.east,2002,7.442580955,227
north.west,2002,7.385071434,670
south.east,2002,7.523636041,861
south.west,2002,7.323401171,517
west.midlands,2002,7.340544918,457
yorkshire.and.the.humber,2002,7.369485391,495
scotland,2002,7.354477968,1756
northern.ireland,2002,7.29068841,1560
wales,2002,7.282473977,1429
london,2003,7.609163649,463
east,2003,7.493398847,520
east.midlands,2003,7.396636226,467
north.east,2003,7.396636226,243
north.west,2003,7.395866698,669
south.east,2003,7.509964915,821
south.west,2003,7.304076479,504
west.midlands,2003,7.327929073,449
yorkshire.and.the.humber,2003,7.329726895,499
scotland,2003,7.382772873,1698
northern.ireland,2003,7.26880285,1538
wales,2003,7.26880285,1423
london,2004,7.71892658,443
east,2004,7.446597047,533
east.midlands,2004,7.45048103,468
north.east,2004,7.470559502,223
north.west,2004,7.39530369,663
south.east,2004,7.520649916,815
south.west,2004,7.35294577,514
west.midlands,2004,7.342006062,417
yorkshire.and.the.humber,2004,7.330624875,503
scotland,2004,7.416394282,1642
northern.ireland,2004,7.299436406,1388
wales,2004,7.320952256,1424
london,2005,7.806786506,402
east,2005,7.488895683,511
east.midlands,2005,7.41056103,463
north.east,2005,7.428301156,210
north.west,2005,7.425920915,663
south.east,2005,7.525698302,790
south.west,2005,7.361767127,530
west.midlands,2005,7.357097404,426
yorkshire.and.the.humber,2005,7.380644826,488
scotland,2005,7.441520589,1579
northern.ireland,2005,7.331610238,1385
wales,2005,7.321329929,1404
london,2006,7.753004296,390
east,2006,7.516105069,513
east.midlands,2006,7.471653306,465
north.east,2006,7.476884355,215
north.west,2006,7.45122063,642
south.east,2006,7.52021353,803
south.west,2006,7.377112624,508
west.midlands,2006,7.377112624,427
yorkshire.and.the.humber,2006,7.45122063,486
scotland,2006,7.438565206,1515
northern.ireland,2006,7.356445816,1290
wales,2006,7.303220895,1382
london,2007,7.7843103,352
east,2007,7.503381142,514
east.midlands,2007,7.496243467,452
north.east,2007,7.54332436,204
north.west,2007,7.458617124,608
south.east,2007,7.53577363,777
south.west,2007,7.427635347,505
west.midlands,2007,7.353456356,434
yorkshire.and.the.humber,2007,7.437447536,483
scotland,2007,7.43280058,1491
northern.ireland,2007,7.352757843,1255
wales,2007,7.325970935,1328
london,2008,7.788653752,344
east,2008,7.431478277,489
east.midlands,2008,7.408872914,436
north.east,2008,7.494728774,202
north.west,2008,7.472300245,591
south.east,2008,7.488649384,749
south.west,2008,7.393027096,491
west.midlands,2008,7.417994927,405
yorkshire.and.the.humber,2008,7.404091993,474
scotland,2008,7.461250436,1387
northern.ireland,2008,7.343467431,1124
wales,2008,7.358971557,1275
london,2009,7.595699426,4485
east,2009,7.4720289,2635
east.midlands,2009,7.345770802,2138
north.east,2009,7.347662514,1072
north.west,2009,7.400744089,2935
south.east,2009,7.521865766,3752
south.west,2009,7.371811773,2258
west.midlands,2009,7.353843972,2431
yorkshire.and.the.humber,2009,7.324037489,2282
scotland,2009,7.442036333,2077
northern.ireland,2009,7.363263171,1141
wales,2009,7.324037489,1225
london,2010,7.571352789,3696
east,2010,7.483195794,2693
east.midlands,2010,7.360046079,2265
north.east,2010,7.417202109,1086
north.west,2010,7.405915298,2970
south.east,2010,7.513523925,3953
south.west,2010,7.360046079,2403
west.midlands,2010,7.364728762,2360
yorkshire.and.the.humber,2010,7.348209238,2296
scotland,2010,7.4355854,2919
northern.ireland,2010,7.330190732,2083
wales,2010,7.317748946,2166
london,2011,7.580034741,3303
east,2011,7.457023977,2512
east.midlands,2011,7.310430126,2151
north.east,2011,7.379365888,994
north.west,2011,7.379762496,2750
south.east,2011,7.508357001,3531
south.west,2011,7.379365888,2244
west.midlands,2011,7.361425895,2099
yorkshire.and.the.humber,2011,7.328542689,2141
scotland,2011,7.433430976,2601
northern.ireland,2011,7.351192695,1832
wales,2011,7.310373017,1995
london,2012,7.547330438,3195
east,2012,7.421928258,2418
east.midlands,2012,7.298459072,2078
north.east,2012,7.336019052,967
north.west,2012,7.393179758,2573
south.east,2012,7.479122188,3412
south.west,2012,7.353959045,2193
west.midlands,2012,7.347940972,2047
yorkshire.and.the.humber,2012,7.295623468,2079
scotland,2012,7.429891264,2432
northern.ireland,2012,7.320057493,1613
wales,2012,7.284966173,1925
london,2013,7.549096966,3079
east,2013,7.395839542,2323
east.midlands,2013,7.331301021,2051
north.east,2013,7.345091703,932
north.west,2013,7.344819185,2464
south.east,2013,7.47366822,3262
south.west,2013,7.331301021,2173
west.midlands,2013,7.331301021,2012
yorkshire.and.the.humber,2013,7.293252953,2003
scotland,2013,7.411343729,2332
northern.ireland,2013,7.331301021,1464
wales,2013,7.262308149,1762
london,2014,7.499215656,4141
east,2014,7.461513767,2152
east.midlands,2014,7.317500494,1916
north.east,2014,7.38143262,888
north.west,2014,7.370959187,2512
south.east,2014,7.492246987,3219
south.west,2014,7.322809916,2105
west.midlands,2014,7.313555198,2117
yorkshire.and.the.humber,2014,7.291576291,2072
scotland,2014,7.417731255,2106
northern.ireland,2014,7.316894099,1414
wales,2014,7.316894099,1624
london,2015,7.537320347,3590
east,2015,7.440029263,2045
east.midlands,2015,7.335484049,1769
north.east,2015,7.313220387,833
north.west,2015,7.339862318,2387
south.east,2015,7.495541944,2992
south.west,2015,7.321958742,1934
west.midlands,2015,7.313220387,2053
yorkshire.and.the.humber,2015,7.313220387,1996
scotland,2015,7.426840691,2005
northern.ireland,2015,7.313220387,1422
wales,2015,7.315347491,1524
london,2016,7.584946259,3211
east,2016,7.485508276,1926
east.midlands,2016,7.35930234,1605
north.east,2016,7.401522438,750
north.west,2016,7.342798296,2210
south.east,2016,7.503855573,2737
south.west,2016,7.377780791,1815
west.midlands,2016,7.357251808,1923
yorkshire.and.the.humber,2016,7.305324407,1909
scotland,2016,7.457337399,1835
northern.ireland,2016,7.314238782,1354
wales,2016,7.357280256,1392
london,2017,7.564972638,2734
east,2017,7.460252351,1741
east.midlands,2017,7.342469316,1512
north.east,2017,7.402699716,675
north.west,2017,7.342469316,2097
south.east,2017,7.460252351,2582
south.west,2017,7.375662283,1721
west.midlands,2017,7.342469316,1736
yorkshire.and.the.humber,2017,7.317151508,1725
scotland,2017,7.452068934,1685
northern.ireland,2017,7.293692305,1260
wales,2017,7.301210999,1285
london,2018,7.542943374,2469
east,2018,7.437582858,1721
east.midlands,2018,7.354258306,1408
north.east,2018,7.399840582,616
north.west,2018,7.373772949,2015
south.east,2018,7.494802998,2365
south.west,2018,7.374536568,1600
west.midlands,2018,7.359693383,1649
yorkshire.and.the.humber,2018,7.319799822,1700
scotland,2018,7.460468986,1587
northern.ireland,2018,7.281386229,1176
wales,2018,7.335304009,1192
london,2019,7.60575586,2298
east,2019,7.474418356,1602
east.midlands,2019,7.382608858,1331
north.east,2019,7.392180258,614
north.west,2019,7.392180258,1779
south.east,2019,7.52571165,2201
south.west,2019,7.407531293,1488
west.midlands,2019,7.406017802,1492
yorkshire.and.the.humber,2019,7.382608858,1498
scotland,2019,7.516958415,1462
northern.ireland,2019,7.339059695,1088
wales,2019,7.362627878,1099
london,2020,7.653512033,1949
east,2020,7.515865417,1448
east.midlands,2020,7.410504901,1215
north.east,2020,7.410504901,557
north.west,2020,7.468870448,1534
south.east,2020,7.528287937,2035
south.west,2020,7.416597415,1393
west.midlands,2020,7.416420731,1339
yorkshire.and.the.humber,2020,7.427023263,1355
scotland,2020,7.515865417,1367
northern.ireland,2020,7.372762625,953
wales,2020,7.410504901,1028
london,2021,7.714063113,1638
east,2021,7.539783754,1330
east.midlands,2021,7.439700296,1084
north.east,2021,7.465675782,527
north.west,2021,7.466664635,1502
south.east,2021,7.568502649,1856
south.west,2021,7.466162818,1287
west.midlands,2021,7.466661982,1264
yorkshire.and.the.humber,2021,7.464089927,1287
scotland,2021,7.539783754,1282
northern.ireland,2021,7.385633074,952
wales,2021,7.419766081,933
london,2022,7.698989248,1988
east,2022,7.551758222,1724
east.midlands,2022,7.41475458,1388
north.east,2022,7.465656917,670
north.west,2022,7.438349021,1978
south.east,2022,7.597076136,2490
south.west,2022,7.462099787,1760
west.midlands,2022,7.463544744,1570
yorkshire.and.the.humber,2022,7.419742121,1671
scotland,2022,7.529867387,1769
northern.ireland,2022,7.41475458,1061
wales,2022,7.372196727,1071
london,2023,7.689949916,1791
east,2023,7.5717668,1593
east.midlands,2023,7.432444937,1303
north.east,2023,7.473534763,649
north.west,2023,7.429067539,1865
south.east,2023,7.572582809,2247
south.west,2023,7.485300947,1563
west.midlands,2023,7.464581669,1519
yorkshire.and.the.humber,2023,7.43901488,1556
scotland,2023,7.531482409,1577
northern.ireland,2023,7.409374935,987
wales,2023,7.397813493,1012
